<?xml version="1.0" standalone="no"?>
<?xml-stylesheet type='text/xsl' href='MassDataHandlerLogFile.xsl'?>
<LogFile titleName="aktualizovane texty - TIAProjectTexts (00000003).xml" projectName="D:\bk_git\N19-3001\src\aktualizovane texty - TIAProjectTexts (00000003).xlsx" typeText="Type" messageText="Message" timeText="Time">
  <LogEntry type="Information" dateTime="7:21:15 PM">
    <Message>Text import started.</Message>
  </LogEntry>
  <LogEntry type="Information" dateTime="7:21:23 PM">
    <Message>Text import completed.</Message>
  </LogEntry>
</LogFile>