﻿<?xml version="1.0" encoding="utf-8"?>
<DownloadTask>
  <ProjectInfo
    DeviceVersion="14.0.1.0"
    CreationTime="2019-05-23 08:14:32 (UTC)"
    Runtime="COLORADO"
    RtProjectName="17059_100.TP1200[TP1200 Comfort]"
    RtProjectFolderName="17059_100.TP1200[TP1200 Comfort]"
    DeviceType="TP1200 Comfort"
    DisplayOrientation="0"
    RTReleaseNo="14.0.1.7"
    ImageReleaseNo="14.0.1.7"
    RTCV="14.0.1.0"
    PRCV="14.0.1.0"
    FirmwareFileName="CP_7_9\14.0.1.7\CP_7_9_12_V14_0_1.fwf"
    RuntimeFileName="CP_7_9\14.0.1.7\CP_7_9_12_V14_0_1.ruf"
    RuntimeAddonFolderName="CP_7_9" />
  <FullDownload>pdata.fwc</FullDownload>
  <FullDownload
    type="ADMINDATA">pdata.pwx</FullDownload>
  <FullDownload>ProjectSettings.hsf</FullDownload>
  <FullDownload>DeviceSettings.hsf</FullDownload>
  <FullDownload>SmartServer.rld</FullDownload>
</DownloadTask>