<?xml version="1.0" encoding="utf-8"?>
<?xml-stylesheet type='text/xsl' href='ConversionLogFile.xsl'?>
<LogFile projectName="N19-3001_V15.1" typeText="Type" messageText="Message" timeText="Time">
  <MessageCell ServiceId="80" MessageId="30" MessageClass="Information" Timestamp="2/18/2020 9:00:54 AM">
    <Number ServiceNumber="80" MessageNumber="30" />
    <Text FeedbackText="Upgrade started" />
    <Help HelpId="-1" />
  </MessageCell>
  <Details ServiceId="80" MessageId="30" Timestamp="2/18/2020 9:00:56 AM" Debug="false">
    <Text>Reorganization succeed!</Text>
  </Details>
  <MessageCell ServiceId="80" MessageId="30" MessageClass="Information" Timestamp="2/18/2020 9:00:57 AM">
    <Number ServiceNumber="80" MessageNumber="30" />
    <Text FeedbackText="CheckRepair lost+found objects" />
    <Help HelpId="-1" />
  </MessageCell>
  <Details ServiceId="80" MessageId="30" Timestamp="2/18/2020 9:00:57 AM" Debug="false">
    <Text>No error is detected.</Text>
  </Details>
  <MessageCell ServiceId="80" MessageId="30" MessageClass="Information" Timestamp="2/18/2020 9:00:58 AM">
    <Number ServiceNumber="80" MessageNumber="30" />
    <Text FeedbackText="CheckRepair missing bidirectional links" />
    <Help HelpId="-1" />
  </MessageCell>
  <Details ServiceId="80" MessageId="30" Timestamp="2/18/2020 9:00:58 AM" Debug="false">
    <Text>No error is detected.</Text>
  </Details>
  <MessageCell ServiceId="80" MessageId="30" MessageClass="Information" Timestamp="2/18/2020 9:01:16 AM">
    <Number ServiceNumber="80" MessageNumber="30" />
    <Text FeedbackText="Starting conversion of UMAC data." />
    <Help HelpId="-1" />
  </MessageCell>
  <MessageCell ServiceId="80" MessageId="30" MessageClass="Information" Timestamp="2/18/2020 9:01:16 AM">
    <Number ServiceNumber="80" MessageNumber="30" />
    <Text FeedbackText="Conversion of UMAC data is finished." />
    <Help HelpId="-1" />
  </MessageCell>
  <MessageCell ServiceId="80" MessageId="30" MessageClass="Information" Timestamp="2/18/2020 9:01:16 AM">
    <Number ServiceNumber="80" MessageNumber="30" />
    <Text FeedbackText="Starting conversion of user and roles configuration data." />
    <Help HelpId="-1" />
  </MessageCell>
  <MessageCell ServiceId="80" MessageId="30" MessageClass="Information" Timestamp="2/18/2020 9:01:16 AM">
    <Number ServiceNumber="80" MessageNumber="30" />
    <Text FeedbackText="User with the required engineering right &quot;Manage users and roles&quot; has logged in." />
    <Help HelpId="-1" />
  </MessageCell>
  <MessageCell ServiceId="80" MessageId="30" MessageClass="Information" Timestamp="2/18/2020 9:01:16 AM">
    <Number ServiceNumber="80" MessageNumber="30" />
    <Text FeedbackText="Conversion of user and roles configuration is finished." />
    <Help HelpId="-1" />
  </MessageCell>
  <Details ServiceId="80" MessageId="30" Timestamp="2/18/2020 9:01:17 AM" Debug="false">
    <Text>HmiConvert: Started conversion section.</Text>
  </Details>
  <Details ServiceId="80" MessageId="30" Timestamp="2/18/2020 9:01:17 AM" Debug="false">
    <Text>HmiConvert: Starting conversion step &lt;Siemens.Simatic.Hmi.Device.DeviceManagers.Scan:Siemens.Simatic.Hmi.Utah.Device.Upgrade.DeviceConverter.ConvertHmiDeviceToV15_1&gt;.</Text>
  </Details>
  <Details ServiceId="80" MessageId="30" Timestamp="2/18/2020 9:01:18 AM" Debug="false">
    <Text>HmiConvert: Finished conversion step &lt;Siemens.Simatic.Hmi.Device.DeviceManagers.Scan:Siemens.Simatic.Hmi.Utah.Device.Upgrade.DeviceConverter.ConvertHmiDeviceToV15_1&gt;.</Text>
  </Details>
  <Details ServiceId="80" MessageId="30" Timestamp="2/18/2020 9:01:18 AM" Debug="false">
    <Text>HmiConvert: Starting conversion step &lt;Siemens.Simatic.Hmi.Globalization.Managers.Scan:Siemens.Simatic.Hmi.Utah.Globalization.CommentCategoryRepairer.RepairCommentCategoryLinks&gt;.</Text>
  </Details>
  <Details ServiceId="80" MessageId="30" Timestamp="2/18/2020 9:01:19 AM" Debug="false">
    <Text>HmiConvert: Finished conversion step &lt;Siemens.Simatic.Hmi.Globalization.Managers.Scan:Siemens.Simatic.Hmi.Utah.Globalization.CommentCategoryRepairer.RepairCommentCategoryLinks&gt;.</Text>
  </Details>
  <Details ServiceId="80" MessageId="30" Timestamp="2/18/2020 9:01:19 AM" Debug="false">
    <Text>HmiConvert: Starting conversion step &lt;Siemens.Simatic.Hmi.GraphX.GraphXManagers.Scan:Siemens.Simatic.Hmi.Utah.GraphX.PhaseConverter.RepairPointsCollectionOfScreenItems&gt;.</Text>
  </Details>
  <Details ServiceId="80" MessageId="30" Timestamp="2/18/2020 9:01:19 AM" Debug="false">
    <Text>HmiConvert: Finished conversion step &lt;Siemens.Simatic.Hmi.GraphX.GraphXManagers.Scan:Siemens.Simatic.Hmi.Utah.GraphX.PhaseConverter.RepairPointsCollectionOfScreenItems&gt;.</Text>
  </Details>
  <Details ServiceId="80" MessageId="30" Timestamp="2/18/2020 9:01:19 AM" Debug="false">
    <Text>HmiConvert: Starting conversion step &lt;Siemens.Simatic.Hmi.GraphX.GraphXManagers.Scan:Siemens.Simatic.Hmi.Utah.GraphX.PhaseConverter.RemoveInvisibleSoftkeysConverter&gt;.</Text>
  </Details>
  <Details ServiceId="80" MessageId="30" Timestamp="2/18/2020 9:01:19 AM" Debug="false">
    <Text>HmiConvert: Finished conversion step &lt;Siemens.Simatic.Hmi.GraphX.GraphXManagers.Scan:Siemens.Simatic.Hmi.Utah.GraphX.PhaseConverter.RemoveInvisibleSoftkeysConverter&gt;.</Text>
  </Details>
  <Details ServiceId="80" MessageId="30" Timestamp="2/18/2020 9:01:19 AM" Debug="false">
    <Text>HmiConvert: Starting conversion step &lt;Siemens.Simatic.Hmi.GraphX.GraphXManagers.Scan:Siemens.Simatic.Hmi.Utah.GraphX.PhaseConverter.RemoveDuplicateSoftKeysConverter&gt;.</Text>
  </Details>
  <Details ServiceId="80" MessageId="30" Timestamp="2/18/2020 9:01:19 AM" Debug="false">
    <Text>HmiConvert: Finished conversion step &lt;Siemens.Simatic.Hmi.GraphX.GraphXManagers.Scan:Siemens.Simatic.Hmi.Utah.GraphX.PhaseConverter.RemoveDuplicateSoftKeysConverter&gt;.</Text>
  </Details>
  <Details ServiceId="80" MessageId="30" Timestamp="2/18/2020 9:01:19 AM" Debug="false">
    <Text>HmiConvert: Starting conversion step &lt;Siemens.Simatic.Hmi.BL.Scripting.Scan:Siemens.Simatic.Hmi.BL.Scripting.Migrations.ModuleConverter.ModuleRepair&gt;.</Text>
  </Details>
  <Details ServiceId="80" MessageId="30" Timestamp="2/18/2020 9:01:19 AM" Debug="false">
    <Text>HmiConvert: Finished conversion step &lt;Siemens.Simatic.Hmi.BL.Scripting.Scan:Siemens.Simatic.Hmi.BL.Scripting.Migrations.ModuleConverter.ModuleRepair&gt;.</Text>
  </Details>
  <Details ServiceId="80" MessageId="30" Timestamp="2/18/2020 9:01:19 AM" Debug="false">
    <Text>HmiConvert: Starting conversion step &lt;Siemens.Simatic.Hmi.Recipe.Managers.Scan:Siemens.Simatic.Hmi.Utah.Recipe.RecipeConverter.ConvertRecipe&gt;.</Text>
  </Details>
  <Details ServiceId="80" MessageId="30" Timestamp="2/18/2020 9:01:19 AM" Debug="false">
    <Text>HmiConvert: Finished conversion step &lt;Siemens.Simatic.Hmi.Recipe.Managers.Scan:Siemens.Simatic.Hmi.Utah.Recipe.RecipeConverter.ConvertRecipe&gt;.</Text>
  </Details>
  <Details ServiceId="80" MessageId="30" Timestamp="2/18/2020 9:01:19 AM" Debug="false">
    <Text>HmiConvert: Starting conversion step &lt;Siemens.Simatic.Hmi.GraphX.Controls.Managers.Scan:Siemens.Simatic.Hmi.Utah.GraphX.Controls.ProDiagPhaseConverter.AddToolbarButtons&gt;.</Text>
  </Details>
  <Details ServiceId="80" MessageId="30" Timestamp="2/18/2020 9:01:19 AM" Debug="false">
    <Text>HmiConvert: Finished conversion step &lt;Siemens.Simatic.Hmi.GraphX.Controls.Managers.Scan:Siemens.Simatic.Hmi.Utah.GraphX.Controls.ProDiagPhaseConverter.AddToolbarButtons&gt;.</Text>
  </Details>
  <Details ServiceId="80" MessageId="30" Timestamp="2/18/2020 9:01:19 AM" Debug="false">
    <Text>HmiConvert: Starting conversion step &lt;Siemens.Simatic.Hmi.GraphX.Controls.Managers.Scan:Siemens.Simatic.Hmi.Utah.GraphX.Controls.ProDiagPhaseConverter.RepairToolbarButtons&gt;.</Text>
  </Details>
  <Details ServiceId="80" MessageId="30" Timestamp="2/18/2020 9:01:19 AM" Debug="false">
    <Text>HmiConvert: Finished conversion step &lt;Siemens.Simatic.Hmi.GraphX.Controls.Managers.Scan:Siemens.Simatic.Hmi.Utah.GraphX.Controls.ProDiagPhaseConverter.RepairToolbarButtons&gt;.</Text>
  </Details>
  <Details ServiceId="80" MessageId="30" Timestamp="2/18/2020 9:01:19 AM" Debug="false">
    <Text>HmiConvert: Starting conversion step &lt;Siemens.Simatic.Hmi.BL.ModernUI:Siemens.Simatic.Hmi.BL.ModernUI.Convert.ScreenItemPhaseConverter.AdaptModel&gt;.</Text>
  </Details>
  <Details ServiceId="80" MessageId="30" Timestamp="2/18/2020 9:01:19 AM" Debug="false">
    <Text>HmiConvert: Finished conversion step &lt;Siemens.Simatic.Hmi.BL.ModernUI:Siemens.Simatic.Hmi.BL.ModernUI.Convert.ScreenItemPhaseConverter.AdaptModel&gt;.</Text>
  </Details>
  <Details ServiceId="80" MessageId="30" Timestamp="2/18/2020 9:01:19 AM" Debug="false">
    <Text>HmiConvert: Starting conversion step &lt;Siemens.Simatic.Hmi.Styles.Managers.Scan:Siemens.Simatic.Hmi.Utah.Styles.HmiStyleConverter.ConvertHmiStyleFromV15ToV151&gt;.</Text>
  </Details>
  <Details ServiceId="80" MessageId="30" Timestamp="2/18/2020 9:01:19 AM" Debug="false">
    <Text>HmiConvert: Finished conversion step &lt;Siemens.Simatic.Hmi.Styles.Managers.Scan:Siemens.Simatic.Hmi.Utah.Styles.HmiStyleConverter.ConvertHmiStyleFromV15ToV151&gt;.</Text>
  </Details>
  <Details ServiceId="80" MessageId="30" Timestamp="2/18/2020 9:01:19 AM" Debug="false">
    <Text>HmiConvert: Starting conversion step &lt;Siemens.Simatic.Hmi.Globalization.Managers.Scan:Siemens.Simatic.Hmi.Utah.Globalization.ImageConvert.RepairCrossEnvironmentLinks&gt;.</Text>
  </Details>
  <Details ServiceId="80" MessageId="30" Timestamp="2/18/2020 9:01:19 AM" Debug="false">
    <Text>HmiConvert: Finished conversion step &lt;Siemens.Simatic.Hmi.Globalization.Managers.Scan:Siemens.Simatic.Hmi.Utah.Globalization.ImageConvert.RepairCrossEnvironmentLinks&gt;.</Text>
  </Details>
  <Details ServiceId="80" MessageId="30" Timestamp="2/18/2020 9:01:19 AM" Debug="false">
    <Text>HmiConvert: Starting conversion step &lt;Siemens.Simatic.Hmi.Logging.Managers.Scan:Siemens.Simatic.Hmi.Utah.Logging.LoggingTagConverter.RemoveInvalidTRefs&gt;.</Text>
  </Details>
  <Details ServiceId="80" MessageId="30" Timestamp="2/18/2020 9:01:19 AM" Debug="false">
    <Text>HmiConvert: Finished conversion step &lt;Siemens.Simatic.Hmi.Logging.Managers.Scan:Siemens.Simatic.Hmi.Utah.Logging.LoggingTagConverter.RemoveInvalidTRefs&gt;.</Text>
  </Details>
  <Details ServiceId="80" MessageId="30" Timestamp="2/18/2020 9:01:19 AM" Debug="false">
    <Text>HmiConvert: Starting conversion step &lt;Siemens.Simatic.Hmi.ScreenModules.Managers.Scan:Siemens.Simatic.Hmi.Utah.Modules.ScreenModules.PhaseConverter.RepairGroupBoundsTables&gt;.</Text>
  </Details>
  <Details ServiceId="80" MessageId="30" Timestamp="2/18/2020 9:01:19 AM" Debug="false">
    <Text>HmiConvert: Finished conversion step &lt;Siemens.Simatic.Hmi.ScreenModules.Managers.Scan:Siemens.Simatic.Hmi.Utah.Modules.ScreenModules.PhaseConverter.RepairGroupBoundsTables&gt;.</Text>
  </Details>
  <Details ServiceId="80" MessageId="30" Timestamp="2/18/2020 9:01:19 AM" Debug="false">
    <Text>HmiConvert: Starting conversion step &lt;Siemens.Simatic.Hmi.GraphX.GraphXManagers.Scan:Siemens.Simatic.Hmi.Utah.GraphX.ChainedListConverter.ConvertFixScreenChainedList&gt;.</Text>
  </Details>
  <Details ServiceId="80" MessageId="30" Timestamp="2/18/2020 9:01:19 AM" Debug="false">
    <Text>HmiConvert: Finished conversion step &lt;Siemens.Simatic.Hmi.GraphX.GraphXManagers.Scan:Siemens.Simatic.Hmi.Utah.GraphX.ChainedListConverter.ConvertFixScreenChainedList&gt;.</Text>
  </Details>
  <Details ServiceId="80" MessageId="30" Timestamp="2/18/2020 9:01:19 AM" Debug="false">
    <Text>HmiConvert: Starting conversion step &lt;Siemens.Simatic.Hmi.Globalization.Managers.Scan:Siemens.Simatic.Hmi.Utah.Globalization.TextRepairForConvert.TextsRepairInHmiBusinessLogicLevel&gt;.</Text>
  </Details>
  <Details ServiceId="80" MessageId="30" Timestamp="2/18/2020 9:01:21 AM" Debug="false">
    <Text>HmiConvert: Finished conversion step &lt;Siemens.Simatic.Hmi.Globalization.Managers.Scan:Siemens.Simatic.Hmi.Utah.Globalization.TextRepairForConvert.TextsRepairInHmiBusinessLogicLevel&gt;.</Text>
  </Details>
  <Details ServiceId="80" MessageId="30" Timestamp="2/18/2020 9:01:21 AM" Debug="false">
    <Text>HmiConvert: Starting conversion step &lt;Siemens.Simatic.Hmi.Globalization.Managers.Scan:Siemens.Simatic.Hmi.Utah.Globalization.FontConvert.RepairCrossEnvironmentLinksViaHmiBl&gt;.</Text>
  </Details>
  <Details ServiceId="80" MessageId="30" Timestamp="2/18/2020 9:01:21 AM" Debug="false">
    <Text>HmiConvert: Finished conversion step &lt;Siemens.Simatic.Hmi.Globalization.Managers.Scan:Siemens.Simatic.Hmi.Utah.Globalization.FontConvert.RepairCrossEnvironmentLinksViaHmiBl&gt;.</Text>
  </Details>
  <Details ServiceId="80" MessageId="30" Timestamp="2/18/2020 9:01:21 AM" Debug="false">
    <Text>HmiConvert: Starting conversion step &lt;Siemens.Simatic.Hmi.ScreenModules.Managers.Scan:Siemens.Simatic.Hmi.Utah.Modules.ScreenModules.PhaseConverterWithHmiBl.DeleteOrphanInterfaceConnections&gt;.</Text>
  </Details>
  <Details ServiceId="80" MessageId="30" Timestamp="2/18/2020 9:01:21 AM" Debug="false">
    <Text>HmiConvert: Finished conversion step &lt;Siemens.Simatic.Hmi.ScreenModules.Managers.Scan:Siemens.Simatic.Hmi.Utah.Modules.ScreenModules.PhaseConverterWithHmiBl.DeleteOrphanInterfaceConnections&gt;.</Text>
  </Details>
  <Details ServiceId="80" MessageId="30" Timestamp="2/18/2020 9:01:21 AM" Debug="false">
    <Text>HmiConvert: Starting conversion step &lt;Siemens.Simatic.Hmi.ScreenModules.Managers.Scan:Siemens.Simatic.Hmi.Utah.Modules.ScreenModules.PhaseConverterWithHmiBl.RepairInstanceKeyCache&gt;.</Text>
  </Details>
  <Details ServiceId="80" MessageId="30" Timestamp="2/18/2020 9:01:21 AM" Debug="false">
    <Text>HmiConvert: Finished conversion step &lt;Siemens.Simatic.Hmi.ScreenModules.Managers.Scan:Siemens.Simatic.Hmi.Utah.Modules.ScreenModules.PhaseConverterWithHmiBl.RepairInstanceKeyCache&gt;.</Text>
  </Details>
  <Details ServiceId="80" MessageId="30" Timestamp="2/18/2020 9:01:21 AM" Debug="false">
    <Text>HmiConvert: Starting conversion step &lt;Siemens.Simatic.Hmi.ScreenModules.Managers.Scan:Siemens.Simatic.Hmi.Utah.Modules.ScreenModules.PhaseConverterWithHmiBl.RepairInstanceHotKeys&gt;.</Text>
  </Details>
  <Details ServiceId="80" MessageId="30" Timestamp="2/18/2020 9:01:21 AM" Debug="false">
    <Text>HmiConvert: Finished conversion step &lt;Siemens.Simatic.Hmi.ScreenModules.Managers.Scan:Siemens.Simatic.Hmi.Utah.Modules.ScreenModules.PhaseConverterWithHmiBl.RepairInstanceHotKeys&gt;.</Text>
  </Details>
  <Details ServiceId="80" MessageId="30" Timestamp="2/18/2020 9:01:21 AM" Debug="false">
    <Text>HmiConvert: Starting conversion step &lt;Siemens.Simatic.Hmi.BL.ModernUI:Siemens.Simatic.Hmi.BL.ModernUI.Convert.ScreenItemPhaseConverter.ConvertDataSource&gt;.</Text>
  </Details>
  <Details ServiceId="80" MessageId="30" Timestamp="2/18/2020 9:01:21 AM" Debug="false">
    <Text>HmiConvert: Finished conversion step &lt;Siemens.Simatic.Hmi.BL.ModernUI:Siemens.Simatic.Hmi.BL.ModernUI.Convert.ScreenItemPhaseConverter.ConvertDataSource&gt;.</Text>
  </Details>
  <Details ServiceId="80" MessageId="30" Timestamp="2/18/2020 9:01:21 AM" Debug="false">
    <Text>HmiConvert is waiting for external dependency: Siemens.Simatic.Lang.SPLConvert</Text>
  </Details>
  <Details ServiceId="80" MessageId="30" Timestamp="2/18/2020 9:01:34 AM" Debug="false">
    <Text>Not invalidating fingerprints for protected object: FOB_RTG1[OB123]</Text>
  </Details>
  <Details ServiceId="80" MessageId="30" Timestamp="2/18/2020 9:01:34 AM" Debug="false">
    <Text>Not invalidating fingerprints for protected object: F_CTRL_RT[FB32782]</Text>
  </Details>
  <Details ServiceId="80" MessageId="30" Timestamp="2/18/2020 9:01:34 AM" Debug="false">
    <Text>Not invalidating fingerprints for protected object: F_PS_OUT_1_0_0_0_0_0_1_2_1_0_1_21[FB32770]</Text>
  </Details>
  <Details ServiceId="80" MessageId="30" Timestamp="2/18/2020 9:01:34 AM" Debug="false">
    <Text>Not invalidating fingerprints for protected object: F_CTRL_1[FB32767]</Text>
  </Details>
  <Details ServiceId="80" MessageId="30" Timestamp="2/18/2020 9:01:34 AM" Debug="false">
    <Text>Not invalidating fingerprints for protected object: F_ET_LI[FB32781]</Text>
  </Details>
  <Details ServiceId="80" MessageId="30" Timestamp="2/18/2020 9:01:34 AM" Debug="false">
    <Text>Not invalidating fingerprints for protected object: FOB_GLOBAL_1[FC32767]</Text>
  </Details>
  <Details ServiceId="80" MessageId="30" Timestamp="2/18/2020 9:01:34 AM" Debug="false">
    <Text>Not invalidating fingerprints for protected object: SPLIT_FOB_1_1[FC32769]</Text>
  </Details>
  <Details ServiceId="80" MessageId="30" Timestamp="2/18/2020 9:01:34 AM" Debug="false">
    <Text>Not invalidating fingerprints for protected object: FB1_C[FB32778]</Text>
  </Details>
  <Details ServiceId="80" MessageId="30" Timestamp="2/18/2020 9:01:34 AM" Debug="false">
    <Text>Not invalidating fingerprints for protected object: F_PS_IN_1_0_0_0_0_0_0_1_0_1_1_21[FB32769]</Text>
  </Details>
  <Details ServiceId="80" MessageId="30" Timestamp="2/18/2020 9:01:34 AM" Debug="false">
    <Text>Not invalidating fingerprints for protected object: F_PS_INOUT_R_8_0_0_0_0_0_0_1_0_0_0_21[FB32771]</Text>
  </Details>
  <Details ServiceId="80" MessageId="30" Timestamp="2/18/2020 9:01:34 AM" Debug="false">
    <Text>Not invalidating fingerprints for protected object: F_CTRL_2[FB32780]</Text>
  </Details>
  <Details ServiceId="80" MessageId="30" Timestamp="2/18/2020 9:01:34 AM" Debug="false">
    <Text>Not invalidating fingerprints for protected object: F_CTRL_D[FB32779]</Text>
  </Details>
  <Details ServiceId="80" MessageId="30" Timestamp="2/18/2020 9:01:34 AM" Debug="false">
    <Text>Not invalidating fingerprints for protected object: F_PS_INOUT_S_8_0_0_0_0_0_1_1_0_0_0_21[FB32784]</Text>
  </Details>
  <Details ServiceId="80" MessageId="30" Timestamp="2/18/2020 9:01:34 AM" Debug="false">
    <Text>Not invalidating fingerprints for protected object: F_PS_OUT_1_0_0_0_0_0_1_1_0_1_1_21[FB32768]</Text>
  </Details>
  <Details ServiceId="80" MessageId="30" Timestamp="2/18/2020 9:01:34 AM" Debug="false">
    <Text>Not invalidating fingerprints for protected object: F_8BOOL_INPUT_NC[FB32785]</Text>
  </Details>
  <Details ServiceId="80" MessageId="30" Timestamp="2/18/2020 9:01:34 AM" Debug="false">
    <Text>Not invalidating fingerprints for protected object: F_8BOOL_OUTPUT_NC[FB32786]</Text>
  </Details>
  <Details ServiceId="80" MessageId="30" Timestamp="2/18/2020 9:01:34 AM" Debug="false">
    <Text>Not invalidating fingerprints for protected object: F_PS_SEEDPASS_SEND[FB32777]</Text>
  </Details>
  <Details ServiceId="80" MessageId="30" Timestamp="2/18/2020 9:01:34 AM" Debug="false">
    <Text>Not invalidating fingerprints for protected object: F_PS_SEEDPASS_RCV[FB32776]</Text>
  </Details>
  <Details ServiceId="80" MessageId="30" Timestamp="2/18/2020 9:01:34 AM" Debug="false">
    <Text>Not invalidating fingerprints for protected object: F_8BOOL_INPUT[FB32775]</Text>
  </Details>
  <Details ServiceId="80" MessageId="30" Timestamp="2/18/2020 9:01:34 AM" Debug="false">
    <Text>Not invalidating fingerprints for protected object: F_8BOOL_OUTPUT[FB32774]</Text>
  </Details>
  <Details ServiceId="80" MessageId="30" Timestamp="2/18/2020 9:01:34 AM" Debug="false">
    <Text>Not invalidating fingerprints for protected object: F_PSV2_13_SEND[FB32773]</Text>
  </Details>
  <Details ServiceId="80" MessageId="30" Timestamp="2/18/2020 9:01:34 AM" Debug="false">
    <Text>Not invalidating fingerprints for protected object: F_PSV2_13_RCV[FB32772]</Text>
  </Details>
  <Details ServiceId="80" MessageId="30" Timestamp="2/18/2020 9:01:34 AM" Debug="false">
    <Text>Not invalidating fingerprints for protected object: F_JL_CORR[FC32768]</Text>
  </Details>
  <Details ServiceId="80" MessageId="30" Timestamp="2/18/2020 9:01:38 AM" Debug="false">
    <Text>HmiConvert: Started conversion section.</Text>
  </Details>
  <Details ServiceId="80" MessageId="30" Timestamp="2/18/2020 9:01:38 AM" Debug="false">
    <Text>HmiConvert: Starting conversion step &lt;Siemens.Simatic.Hmi.Tag.Managers.Scan:Siemens.Simatic.Hmi.Utah.Tag.RootTagConvertSynchronization.ResynchronizeRootTag&gt;.</Text>
  </Details>
  <Details ServiceId="80" MessageId="30" Timestamp="2/18/2020 9:01:38 AM" Debug="false">
    <Text>HmiConvert: Finished conversion step &lt;Siemens.Simatic.Hmi.Tag.Managers.Scan:Siemens.Simatic.Hmi.Utah.Tag.RootTagConvertSynchronization.ResynchronizeRootTag&gt;.</Text>
  </Details>
  <Details ServiceId="80" MessageId="30" Timestamp="2/18/2020 9:01:38 AM" Debug="false">
    <Text>HmiConvert: Starting conversion step &lt;Siemens.Simatic.Hmi.Alarm.Managers.Scan:Siemens.Simatic.Hmi.Utah.Alarm.AlarmDataConverterWithHmiBl.ConvertIntegratedAlarmClasses&gt;.</Text>
  </Details>
  <Details ServiceId="80" MessageId="30" Timestamp="2/18/2020 9:01:39 AM" Debug="false">
    <Text>HmiConvert: Finished conversion step &lt;Siemens.Simatic.Hmi.Alarm.Managers.Scan:Siemens.Simatic.Hmi.Utah.Alarm.AlarmDataConverterWithHmiBl.ConvertIntegratedAlarmClasses&gt;.</Text>
  </Details>
  <Details ServiceId="80" MessageId="30" Timestamp="2/18/2020 9:01:39 AM" Debug="false">
    <Text>HmiConvert: Finished conversion section.</Text>
  </Details>
  <MessageCell ServiceId="80" MessageId="30" MessageClass="Information" Timestamp="2/18/2020 9:01:41 AM">
    <Number ServiceNumber="80" MessageNumber="30" />
    <Text FeedbackText="The cross-reference information is being converted." />
    <Help HelpId="-1" />
  </MessageCell>
  <MessageCell ServiceId="80" MessageId="30" MessageClass="Information" Timestamp="2/18/2020 9:01:43 AM">
    <Number ServiceNumber="80" MessageNumber="30" />
    <Text FeedbackText="The cross-reference information was created successfully." />
    <Help HelpId="-1" />
  </MessageCell>
  <MessageCell ServiceId="80" MessageId="30" MessageClass="Information" Timestamp="2/18/2020 9:01:43 AM">
    <Number ServiceNumber="80" MessageNumber="30" />
    <Text FeedbackText="Conversion of the cross-reference information is finished." />
    <Help HelpId="-1" />
  </MessageCell>
  <Details ServiceId="80" MessageId="30" Timestamp="2/18/2020 9:01:45 AM" Debug="false">
    <Text>Package container 'HW.HMI.Device.StandardPanels.TP1500StandardV2_15.0.0-HmiOnly' was deleted</Text>
  </Details>
  <Details ServiceId="80" MessageId="30" Timestamp="2/18/2020 9:01:45 AM" Debug="false">
    <Text>Package container 'HW.HMI.Device.StandardPanels.TP1500StandardV2_15.0.0' was deleted</Text>
  </Details>
  <Details ServiceId="80" MessageId="30" Timestamp="2/18/2020 9:01:45 AM" Debug="false">
    <Text>Package container 'Siemens.Simatic.Sivarc.V15' was deleted</Text>
  </Details>
  <Details ServiceId="80" MessageId="30" Timestamp="2/18/2020 9:01:45 AM" Debug="false">
    <Text>Package container 'HW.ET200SP.SM_DI.MDD_6ES7131-6BF01-0BA0_0.0_14.0.0' was deleted</Text>
  </Details>
  <Details ServiceId="80" MessageId="30" Timestamp="2/18/2020 9:01:45 AM" Debug="false">
    <Text>Package container 'HW.ET200SP.SM_DO.MDD_6ES7132-6BF01-0BA0_0.0_14.0.0' was deleted</Text>
  </Details>
  <Details ServiceId="80" MessageId="30" Timestamp="2/18/2020 9:01:45 AM" Debug="false">
    <Text>Package container 'HW.ET200SP.HM_PN.MDD_6ES7_155_6AU00_0BN0_V3.3_15.0.0' was deleted</Text>
  </Details>
  <Details ServiceId="80" MessageId="30" Timestamp="2/18/2020 9:01:45 AM" Debug="false">
    <Text>Package container 'HW.ET200SP.SUBMODULES.ProfinetIO.Interface.MDD_6ES7-155-6AU00-0BN0-Sub-Interface_V3.3_15.0.0' was deleted</Text>
  </Details>
  <Details ServiceId="80" MessageId="30" Timestamp="2/18/2020 9:01:45 AM" Debug="false">
    <Text>Package container 'HW.ET200SP.SUBMODULES.ProfinetIO.HeadSubmodule.MDD_6ES7-155-6AU00-0BN0-Sub-Head_V3.3_15.0.0' was deleted</Text>
  </Details>
  <Details ServiceId="80" MessageId="30" Timestamp="2/18/2020 9:01:45 AM" Debug="false">
    <Text>Package container 'Siemens.Simatic.Safety.Option_PlusV15' was deleted</Text>
  </Details>
  <Details ServiceId="80" MessageId="30" Timestamp="2/18/2020 9:01:45 AM" Debug="false">
    <Text>Package container 'Siemens.Simatic.Lang.S7PSW.V15.0.0.0.NonMandatory' was deleted</Text>
  </Details>
  <MessageCell ServiceId="Automation-ObjectFrame-Feedbacks" MessageId="ConversionInfoTabProjectSucceeded" MessageClass="Success" Timestamp="2/18/2020 9:01:46 AM">
    <Number ServiceNumber="80" MessageNumber="34" />
    <Text FeedbackText="Project 'D:\bk_git\N19-3001\src\N19-3001\System\PEData.plf' was successfully upgraded and saved as project 'D:\bk_git\N19-3001\src\N19-3001_V15.1\System\PEData.plf'." />
    <Help HelpId="-1" HelpFile="" />
  </MessageCell>
</LogFile>